snapshot_date,Simplified,Traditional,Status,Interval
2026-09-29,上午,上午,strong,3.07809
2026-09-29,九,九,strong,0.25
2026-09-29,下雨,下雨,strong,2.985178
2026-09-29,中国,中國,strong,2.875298
2026-09-29,了,了,strong,3.080361
2026-09-29,二,二,strong,3.029866
2026-09-29,五,五,strong,0.25
2026-09-29,你,你,strong,1.178066
2026-09-29,些,些,strong,0.25
2026-09-29,他,他,strong,0.25
2026-09-29,人,人,strong,2.924832
2026-09-29,儿子,兒子,strong,1.121419
2026-09-29,今天,今天,strong,0.25
2026-09-29,什么,什麼,strong,0.25
2026-09-29,住,住,strong,0.25
2026-09-29,先生,先生,strong,0.25
2026-09-29,再见,再見,strong,0.25
2026-09-29,做,做,strong,0.25
2026-09-29,六,六,strong,0.25
2026-09-29,个,個,strong,0.25
2026-09-29,来,來,strong,0.25
2026-09-29,下,下,strong,2.938098
2026-09-29,中午,中午,strong,3.139926
2026-09-29,爸爸,爸爸,strong,2.921384
2026-09-29,杯子,杯子,strong,0.25
2026-09-29,下午,下午,strong,0.25
2026-09-29,八,八,strong,0.25
2026-09-29,爱,愛,strong,3.001236
2026-09-29,不客气,不客氣,strong,2.901789
2026-09-29,本,本,strong,1.742915
2026-09-29,三,三,strong,1.098797
2026-09-29,上,上,strong,0.25
2026-09-29,一,一,strong,3.049147
2026-09-29,七,七,strong,0.25
2026-09-29,一点儿,一點兒,strong,1.778879
2026-09-29,北京,北京,strong,1.151184
2026-09-29,不,不,strong,1.744296
2026-09-29,菜,菜,strong,0.25
2026-09-29,茶,茶,strong,0.251393
2026-09-29,出租车,出租車,strong,0.25
2026-09-29,吃,吃,strong,0.240255
2026-09-29,打电话,打電話,strong,0.25
2026-09-29,叫,叫,strong,0.261258
2026-09-29,名字,名字,strong,0.257121
2026-09-29,电脑,電腦,strong,0.25
2026-09-29,电视,電視,strong,0.237759
2026-09-29,去,去,strong,0.25
2026-09-29,点,點,strong,0.254142
2026-09-29,冷,冷,strong,0.242465
2026-09-29,分钟,分鐘,strong,0.259391
2026-09-29,十,十,strong,0.25
2026-09-29,前面,前面,strong,0.25
2026-09-29,同学,同學,strong,0.255692
2026-09-29,呢,呢,strong,0.25
2026-09-29,和,和,strong,0.25
2026-09-29,哪,哪,strong,0.25
